timestamp,message
2026-06-23T06:00:00+06:00,1

2026-06-23T06:35:46+00:00,/start
2026-06-23T06:35:49+00:00,Hi
2026-06-23T06:37:29+00:00,Hi
2026-06-23T14:45:46+00:00,2
2026-06-23T14:45:55+00:00,2
2026-06-23T16:02:02+00:00,3
2026-06-24T04:46:13+00:00,3
2026-06-24T06:17:46+00:00,3.4
2026-06-24T10:34:55+00:00,2.4
2026-06-24T12:31:09+00:00,2.6
2026-06-24T14:00:03+00:00,1.7
2026-06-25T03:39:07+00:00,2
2026-06-25T10:30:47+00:00,3
2026-06-25T12:31:13+00:00,2.5
2026-06-25T14:10:34+00:00,2.5
2026-06-25T17:44:38+00:00,3
2026-06-26T03:57:48+00:00,2.6
2026-06-26T10:35:18+00:00,3.1
2026-06-26T14:09:17+00:00,3.2
2026-06-26T14:09:21+00:00,3
2026-06-26T17:59:00+00:00,3.2
2026-06-27T03:11:41+00:00,1
2026-06-27T10:49:26+00:00,3.5
2026-06-27T12:03:24+00:00,4
2026-06-27T13:40:23+00:00,2.8
2026-06-27T17:44:09+00:00,2.5
2026-06-28T00:52:05+00:00,1
2026-06-28T10:33:04+00:00,2
2026-06-28T12:03:47+00:00,2.4
2026-06-28T13:57:55+00:00,2.3
2026-06-29T04:19:18+00:00,2.1
2026-06-29T10:30:49+00:00,2.3
2026-06-29T12:20:14+00:00,2.4
2026-06-29T14:46:15+00:00,2
2026-06-29T18:45:41+00:00,2.2
2026-06-30T04:39:39+00:00,1
2026-06-30T10:31:53+00:00,3
2026-06-30T12:04:51+00:00,3.1
2026-06-30T13:39:43+00:00,2.5
2026-07-01T02:06:04+00:00,2
2026-07-01T10:30:46+00:00,2.4
2026-07-01T12:00:59+00:00,2.3
2026-07-01T13:28:39+00:00,3.3
2026-07-02T00:11:31+00:00,3.1
2026-07-02T10:57:51+00:00,2.7
2026-07-02T12:06:45+00:00,2.3
2026-07-03T04:20:16+00:00,2.1
2026-07-03T10:30:58+00:00,2.4
2026-07-03T12:25:34+00:00,2.7
2026-07-03T13:46:50+00:00,2.3
2026-07-03T17:19:15+00:00,3
2026-07-04T00:05:03+00:00,2
2026-07-04T10:31:01+00:00,2.4
2026-07-04T12:26:42+00:00,2.3
2026-07-04T14:12:33+00:00,2.1
2026-07-04T17:13:30+00:00,2.2
2026-07-05T12:40:19+00:00,1
2026-07-05T12:40:20+00:00,2
2026-07-05T12:40:21+00:00,3
2026-07-05T14:14:19+00:00,2
2026-07-05T19:29:46+00:00,3
2026-07-06T05:59:12+00:00,1
2026-07-06T10:43:12+00:00,2
2026-07-06T12:32:08+00:00,2
2026-07-06T14:15:40+00:00,2
2026-07-07T00:01:09+00:00,2.8
2026-07-07T11:53:11+00:00,3
2026-07-07T12:54:01+00:00,2.7
2026-07-07T14:08:48+00:00,2.3
2026-07-08T05:06:44+00:00,1
2026-07-08T11:18:22+00:00,3.2
2026-07-08T12:02:21+00:00,3.8
2026-07-08T15:42:51+00:00,3.2
2026-07-08T17:11:13+00:00,3.5
2026-07-09T00:01:12+00:00,2.8
2026-07-09T12:44:29+00:00,3.3
2026-07-09T12:44:32+00:00,3.5
2026-07-09T14:09:41+00:00,3.3
2026-07-10T03:51:17+00:00,2.4
2026-07-10T12:52:58+00:00,3.4
2026-07-10T15:38:37+00:00,3.3
2026-07-11T04:53:57+00:00,1
2026-07-11T11:20:07+00:00,3.2
2026-07-11T12:25:22+00:00,3.2
2026-07-11T14:13:30+00:00,2.5
2026-07-12T00:04:11+00:00,2.4
2026-07-12T10:40:22+00:00,3.4
2026-07-12T13:40:55+00:00,2.9
2026-07-12T13:40:57+00:00,2.4
2026-07-12T17:19:22+00:00,2.5
2026-07-13T03:11:12+00:00,1
2026-07-13T10:55:35+00:00,2.3
2026-07-13T12:16:48+00:00,2.7
2026-07-13T13:59:27+00:00,2.2
2026-07-13T16:39:41+00:00,2.2
2026-07-14T01:45:35+00:00,2.5
2026-07-14T12:09:25+00:00,2
2026-07-14T13:54:05+00:00,2.1
2026-07-15T01:44:06+00:00,2.3
2026-07-15T12:37:31+00:00,2
2026-07-15T14:14:30+00:00,2
2026-07-16T02:35:06+00:00,2
2026-07-16T12:49:37+00:00,2
2026-07-16T12:49:37+00:00,2
2026-07-16T14:22:52+00:00,2
2026-07-17T06:19:43+00:00,2
2026-07-17T10:48:54+00:00,2
2026-07-17T12:29:28+00:00,2.1
2026-07-17T14:08:11+00:00,2.2
2026-07-18T03:44:44+00:00,1
2026-07-18T12:25:22+00:00,0
2026-07-18T12:25:23+00:00,0
2026-07-18T13:00:51+00:00,0
2026-07-18T18:59:21+00:00,0
2026-07-19T10:30:34+00:00,0
2026-07-19T10:55:49+00:00,0
2026-07-19T12:28:34+00:00,0
2026-07-19T14:25:00+00:00,0
2026-07-19T22:51:14+00:00,0
2026-07-20T11:55:40+00:00,0
2026-07-20T11:55:40+00:00,0
2026-07-20T12:53:27+00:00,0
2026-07-20T13:22:42+00:00,0
2026-07-20T16:51:42+00:00,0
2026-07-21T10:30:32+00:00,0
2026-07-21T10:55:16+00:00,0
2026-07-21T12:03:22+00:00,0
2026-07-22T11:22:36+00:00,0
2026-07-22T11:22:37+00:00,0
2026-07-22T12:03:49+00:00,0
2026-07-22T13:02:32+00:00,0
